"name","mean"
"comments",7610.13452477909
"max_points",1019.67596553056
"number",85.6314988593677
