"name","mean"
"comments",89.4304912999745
"max_points",1019.67596553056
"score",138.948356949957
